{"cameraMode":{"drawMode":0,"name":"Shaded","section":"Shading Mode"},"sceneLighting":true,"audioPlay":false,"sceneViewState":{"m_AlwaysRefresh":false,"showFog":true,"showSkybox":true,"showFlares":true,"showImageEffects":true,"showParticleSystems":true,"showVisualEffectGraphs":true,"m_FxEnabled":true},"in2DMode":false,"pivot":{"x":1.8165147304534913,"y":7.158435821533203,"z":-33.189659118652347},"rotation":{"x":0.3278873562812805,"y":0.06216834858059883,"z":-0.02202991396188736,"w":0.9425225257873535},"size":14.765149116516114,"orthographic":false}
