{"cameraMode":{"drawMode":0,"name":"Shaded","section":"Shading Mode"},"sceneLighting":true,"audioPlay":false,"sceneViewState":{"m_AlwaysRefresh":false,"showFog":true,"showSkybox":true,"showFlares":true,"showImageEffects":true,"showParticleSystems":true,"showVisualEffectGraphs":true,"m_FxEnabled":true},"in2DMode":false,"pivot":{"x":9.248727798461914,"y":3.3359694480895998,"z":-103.7738265991211},"rotation":{"x":-0.47642189264297488,"y":0.11791158467531204,"z":-0.06366904824972153,"w":-0.8691362142562866},"size":6.1529693603515629,"orthographic":false}