{"cameraMode":{"drawMode":0,"name":"Shaded","section":"Shading Mode"},"sceneLighting":true,"audioPlay":false,"sceneViewState":{"m_AlwaysRefresh":false,"showFog":true,"showSkybox":true,"showFlares":true,"showImageEffects":true,"showParticleSystems":true,"showVisualEffectGraphs":true,"m_FxEnabled":true},"in2DMode":false,"pivot":{"x":-1.7636685371398926,"y":10.492857933044434,"z":-45.50187301635742},"rotation":{"x":-0.5947024822235107,"y":0.040222879499197009,"z":-0.029829196631908418,"w":-0.8024094104766846},"size":6.071659088134766,"orthographic":false}