{"cameraMode":{"drawMode":0,"name":"Shaded","section":"Shading Mode"},"sceneLighting":true,"audioPlay":false,"sceneViewState":{"m_AlwaysRefresh":false,"showFog":true,"showSkybox":true,"showFlares":true,"showImageEffects":true,"showParticleSystems":true,"showVisualEffectGraphs":true,"m_FxEnabled":true},"in2DMode":false,"pivot":{"x":42.2194709777832,"y":18.052871704101564,"z":-64.15957641601563},"rotation":{"x":-0.005829848349094391,"y":0.9964755177497864,"z":0.010920974425971508,"w":0.08765918761491776},"size":107.651611328125,"orthographic":false}