{"cameraMode":{"drawMode":0,"name":"Shaded","section":"Shading Mode"},"sceneLighting":true,"audioPlay":false,"sceneViewState":{"m_AlwaysRefresh":false,"showFog":true,"showSkybox":true,"showFlares":true,"showImageEffects":true,"showParticleSystems":true,"showVisualEffectGraphs":true,"m_FxEnabled":true},"in2DMode":false,"pivot":{"x":0.302656888961792,"y":-11.07813835144043,"z":14.216215133666993},"rotation":{"x":0.3444611430168152,"y":0.051228221505880359,"z":-0.018839310854673387,"w":0.9372062683105469},"size":10.744589805603028,"orthographic":false}