{"cameraMode":{"drawMode":0,"name":"Shaded","section":"Shading Mode"},"sceneLighting":true,"audioPlay":false,"sceneViewState":{"m_AlwaysRefresh":false,"showFog":true,"showSkybox":true,"showFlares":true,"showImageEffects":true,"showParticleSystems":true,"showVisualEffectGraphs":true,"m_FxEnabled":true},"in2DMode":false,"pivot":{"x":13.73575496673584,"y":9.797831535339356,"z":-2.1210155487060549},"rotation":{"x":-0.029423123225569726,"y":-0.9101701974868774,"z":0.06761158257722855,"w":-0.40721502900123598},"size":62.62688064575195,"orthographic":false}