{"cameraMode":{"drawMode":0,"name":"Shaded","section":"Shading Mode"},"sceneLighting":true,"audioPlay":false,"sceneViewState":{"m_AlwaysRefresh":false,"showFog":true,"showSkybox":true,"showFlares":true,"showImageEffects":true,"showParticleSystems":true,"showVisualEffectGraphs":true,"m_FxEnabled":true},"in2DMode":false,"pivot":{"x":0.9249922037124634,"y":-1.7882983684539796,"z":0.9500558376312256},"rotation":{"x":0.40615829825401308,"y":-0.5925484299659729,"z":0.46584367752075198,"w":0.5164881348609924},"size":7.109786033630371,"orthographic":false}